{
  "areas": {
    "causaOcorrencia": {
      "nome": "Modelo de Causa Ocorrência",
      "referencia": "Causa Ocorrência",
      "tipoReferencia": "modal",
      "modelos": ["causaOcorrencia"],
      "informativo": {
        "tipo": "causaOcorrencia",
        "modo": "before"
      }
    },
    "desenvolvimento": {
      "nome": "Dev",
      "referencia": "comentario",
      "tipoReferencia": "editor",
      "categorias": ["desenvolvimento"]
    },
    "testes": {
      "nome": "QA",
      "referencia": "comentario",
      "tipoReferencia": "editor",
      "categorias": ["testes"]
    }
  },
  "categorias": {
    "desenvolvimento": {
      "nome": "Desenvolvimento",
      "area": "desenvolvimento",
      "modelos": ["codificacao", "descricaoIssue", "checklistValidacao"]
    },
    "testes": {
      "nome": "Testes",
      "area": "testes"
    }
  },
  "modelos": {
    "testeISAE": {
      "nome": "Teste ISAE",
      "descricao": "Modelo para teste ISAE",
      "arquivo": "testeISAE.modelo",
      "categoria": "testes",
      "variaveis": {}
    },
    "testeConcluido": {
      "nome": "Teste Concluído",
      "descricao": "Modelo para teste finalizado",
      "arquivo": "testeConcluido.modelo",
      "categoria": "testes",
      "variaveis": {}
    },
    "codificacao": {
      "nome": "Codificação",
      "descricao": "Modelo para documentação de codificação",
      "arquivo": "codificacao.modelo",
      "categoria": "desenvolvimento",
      "variaveis": {}
    },
    "descricaoIssue": {
      "nome": "Descrição issue",
      "descricao": "Modelo para documentação de descrição de issue",
      "arquivo": "descricaoIssue.modelo",
      "categoria": "desenvolvimento",
      "variaveis": {}
    },
    "checklistQualidade": {
      "nome": "Checklist de qualidade",
      "descricao": "Checklist interativo para qualidade de entregas Dev.",
      "arquivo": "checklistQualidade.modelo.json",
      "categoria": "desenvolvimento",
      "tipo": "template-dinamico",
      "variaveis": {},
      "tipoDinamico": true
    },
    "causaOcorrencia": {
      "nome": "Causa Ocorrência",
      "descricao": "Modelo para causa e ocorrência",
      "arquivo": "causaOcorrencia.modelo",
      "variaveis": {}
    }
  },

  "_docs": {
    "areas": "Define as áreas principais. Use 'modelos' para botões diretos ou 'categorias' para dropdowns",
    "modelos": "Lista de modelos que aparecem como botões individuais",
    "categorias": "Lista de categorias que aparecem como submenu dropdown",
    "referencia": "Campo nas áreas que define onde ela deve aparecer",
    "tipoReferencia": "Tipo da referência: 'comentario' ou 'modal'"
  }
}
