[
  {
    "id": "sistemas_pdv",
    "tipo": "radio",
    "nome": "1 - Em quais Sistemas Operacionais deve ser feita a validação no PDV?",
    "itens": [
      "Windows e Linux",
      "Windows ou Linux",
      "Windows",
      "Linux",
      "Não se aplica"
    ]
  },
  {
    "id": "sistemas_servidor",
    "tipo": "radio",
    "nome": "2 - Em quais Sistemas Operacionais deve ser feita a validação no servidor de PDV?",
    "itens": [
      "Windows e Linux",
      "Windows ou Linux",
      "Windows",
      "Linux",
      "Não se aplica"
    ]
  },
  {
    "id": "modos_operacao",
    "tipo": "checkbox",
    "nome": "3 - Em quais Modo(s) de operação deve ser feita a validação?",
    "itens": [
      "Venda cupom",
      "Venda nota",
      "Venda cupom e nota",
      "Comanda",
      "Pré-venda",
      "Vasilhame",
      "Devolução",
      "Self-Checkout",
      "Self-Checkout pagamento",
      "Conferência venda",
      "Touch screen venda cupom",
      "Touch screen venda nota",
      "Touch screen venda cupom e nota",
      "Touch screen comanda"
    ]
  },
  {
    "id": "documentos_fiscais",
    "tipo": "checkbox",
    "nome": "4 - Em quais tipos de documentos fiscais deve ser feita a validação?",
    "itens": ["NFCe", "NFe", "SAT", "MFe"]
  },
  {
    "id": "integracao_retaguarda",
    "tipo": "radio",
    "nome": "5 - Com qual integração de retaguarda deve ser feita a validação?",
    "itens": [
      "Consinco",
      "RMS",
      "Winthor",
      "Qualquer integração",
      "Não se aplica"
    ]
  },
  {
    "id": "formas_pagamento",
    "tipo": "checkbox",
    "nome": "6 - Quais formas de pagamento deve ser feita a validação?",
    "itens": ["Boleto", "PIX", "Cartão de Crédito/Débito", "Outras"],
    "outroCampo": true
  },
  {
    "id": "aplicacao_retaguarda",
    "tipo": "textarea",
    "nome": "7 - É necessário utilizar alguma aplicação da retaguarda?",
    "exemplo": "Aplicação Vendas"
  },
  {
    "id": "parametros_validacao",
    "tipo": "textarea",
    "nome": "8 - Quais Parâmetros são necessários para a validação?",
    "exemplo": "Monitor > Configurações > Configurações de PDVs > Regras de negócios > Modo de operação = Desconto no Item"
  },
  {
    "id": "permissoes",
    "tipo": "textarea",
    "nome": "9 - Quais Permissões são necessárias para a validação?",
    "exemplo": "Abrir Caixa, Abrir gaveta"
  },
  {
    "id": "componentes_envolvidos",
    "tipo": "textarea",
    "nome": "10 - Existem componentes envolvidos para a solução da issue?",
    "exemplo": "Sim, componente XPTO."
  },
  {
    "id": "perifericos",
    "tipo": "textarea",
    "nome": "11 - É necessário o uso de algum periférico?",
    "exemplo": "Pinpad xpto"
  },
  {
    "id": "simulador",
    "tipo": "textarea",
    "nome": "12 - É necessário utilizar algum simulador?",
    "exemplo": "Simulador de API do PDV"
  },
  {
    "id": "rotinas_afetadas",
    "tipo": "textarea",
    "nome": "13 - Alguma outra rotina foi afetada?",
    "exemplo": "Descrever os fluxos ou funcionalidades afetadas e de que maneira elas foram afetadas."
  },
  {
    "id": "afeta_cloud",
    "tipo": "textarea",
    "nome": "14 - Afeta o Cloud?",
    "exemplo": "Descrever os fluxos ou funcionalidades afetadas e de que maneira elas foram afetadas."
  },
  {
    "id": "tabelas_bd",
    "tipo": "textarea",
    "nome": "15 - Quais Tabelas do banco de dados devem ser verificadas?",
    "exemplo": "Descrever quais tabelas do banco de dados devem ser verificadas (apenas quando realmente necessário)."
  },
  {
    "id": "validacao_assincrona",
    "tipo": "radio",
    "nome": "16 - Deve haver a validação com os parâmetros da identificação assíncrona habilitados?",
    "itens": ["Sim", "Não"],
    "exemplo": "Sim ou Não + detalhes necessários."
  },
  {
    "id": "automacao_rotina",
    "tipo": "textarea",
    "nome": "17 - Existe a automação desta rotina? Se não, ela deve ser criada ou ainda atualizada?",
    "exemplo": "Sim, porém deve ser feita a complementação."
  },
  {
    "id": "alteracoes_bd_performance",
    "tipo": "textarea",
    "nome": "18 - Haverão alterações relevantes no BD que gere a necessidade de testes de performance?",
    "exemplo": "Sim, a mudança compromete a a tabela XPTO do BD que deve ser testada massivamente para garantir a performance."
  },
  {
    "id": "informacoes_complementares",
    "tipo": "textarea",
    "nome": "19 - Informações complementares",
    "exemplo": "Descrever informações relevantes que irão ajudar durante as validações, por exemplo, como simular problemas, fluxo a ser verificado etc."
  }
]
